[
    {
        "matchs": [
            {
                "id": "match1",
                "winner": "1",
                "team1": {
                    "id": "1",
                    "name": "Competitor 1",
                    "score": 2
                },
                "team2": {
                    "id": "2",
                    "name": "Competitor 2",
                    "score": 1
                }
            },
            {
                "id": "match2",
                "feedIn": {
                    "id": "3",
                    "name": "Competitor 3"
                }
            }
        ]
    },
    {
        "matchs": [
            {
                "id": "match3",
                "winner": "3",
                "team1": {
                    "id": "1",
                    "name": "Competitor 1",
                    "score": 1
                },
                "team2": {
                    "id": "3",
                    "name": "Competitor 3",
                    "score": 2
                }
            },
            {
                "id": "match4",
                "feedIn": {
                    "id": "4",
                    "name": "Competitor 4"
                }
            }
        ]
    },
    {
        "matchs": [
            {
                "id": "any_match_id",
                "winner": "4",
                "team1": {
                    "id": "3",
                    "name": "Competitor 3",
                    "score": 1
                },
                "team2": {
                    "id": "4",
                    "name": "Competitor 4",
                    "score": 3
                }
            }
        ]
    }
]